N,P,K,Crop Type,fertilizer
90,42,43,rice,urea
85,58,41,rice,urea
60,55,44,rice,urea
74,35,40,rice,urea
78,42,42,rice,urea
69,37,42,rice,urea
69,55,38,rice,urea
94,53,40,rice,urea
89,54,38,rice,urea
68,58,38,rice,urea
91,53,40,rice,urea
90,46,42,rice,urea
78,58,44,rice,urea
93,56,36,rice,urea
94,50,37,rice,urea
60,48,39,rice,urea
85,38,41,rice,urea
91,35,39,rice,urea
77,38,36,rice,urea
88,35,40,rice,urea
89,45,36,rice,urea
76,40,43,rice,urea
67,59,41,rice,urea
83,41,43,rice,urea
98,47,37,rice,urea
66,53,41,rice,urea
97,59,43,rice,urea
97,50,41,rice,urea
60,49,44,rice,urea
84,51,35,rice,urea
73,57,41,rice,urea
92,35,40,rice,urea
85,37,39,rice,urea
98,53,38,rice,urea
88,54,44,rice,urea
95,55,42,rice,urea
99,57,35,rice,urea
95,39,36,rice,urea
60,43,44,rice,urea
63,44,41,rice,urea
62,42,36,rice,urea
64,45,43,rice,urea
83,60,36,rice,urea
82,40,40,rice,urea
85,52,45,rice,urea
91,35,38,rice,urea
76,49,42,rice,urea
74,39,38,rice,urea
79,43,39,rice,urea
88,55,45,rice,urea
60,36,43,rice,urea
76,60,39,rice,urea
93,56,42,rice,urea
65,60,43,rice,urea
95,52,36,rice,urea
75,38,39,rice,urea
74,54,38,rice,urea
91,36,45,rice,urea
71,46,40,rice,urea
99,55,35,rice,urea
72,40,38,rice,urea
83,58,45,rice,urea
93,58,38,rice,urea
70,36,42,rice,urea
76,47,42,rice,urea
99,41,36,rice,urea
99,54,37,rice,urea
86,59,35,rice,urea
69,46,41,rice,urea
91,56,37,rice,urea
61,52,41,rice,urea
67,45,38,rice,urea
79,42,37,rice,urea
78,43,42,rice,urea
75,54,36,rice,urea
97,36,45,rice,urea
67,47,44,rice,urea
73,35,38,rice,urea
77,36,37,rice,urea
81,41,38,rice,urea
68,57,43,rice,urea
72,45,35,rice,urea
61,53,43,rice,urea
67,43,39,rice,urea
67,58,39,rice,urea
66,60,38,rice,urea
82,43,38,rice,urea
84,50,44,rice,urea
81,53,42,rice,urea
91,50,40,rice,urea
93,53,38,rice,urea
90,44,38,rice,urea
81,45,35,rice,urea
78,40,38,rice,urea
60,51,36,rice,urea
88,46,42,rice,urea
93,47,37,rice,urea
60,55,45,rice,urea
78,35,44,rice,urea
65,37,40,rice,urea
71,54,16,maize,superphosphate
61,44,17,maize,superphosphate
80,43,16,maize,superphosphate
73,58,21,maize,superphosphate
61,38,20,maize,superphosphate
68,41,16,maize,superphosphate
93,41,17,maize,superphosphate
89,60,19,maize,superphosphate
76,44,17,maize,superphosphate
67,60,25,maize,superphosphate
70,44,19,maize,superphosphate
90,49,21,maize,superphosphate
62,52,16,maize,superphosphate
92,44,16,maize,superphosphate
66,54,21,maize,superphosphate
63,58,22,maize,superphosphate
70,47,17,maize,superphosphate
61,41,17,maize,superphosphate
66,53,19,maize,superphosphate
74,55,19,maize,superphosphate
77,57,21,maize,superphosphate
99,50,15,maize,superphosphate
74,56,22,maize,superphosphate
83,45,21,maize,superphosphate
100,48,16,maize,superphosphate
79,51,16,maize,superphosphate
94,39,18,maize,superphosphate
75,49,15,maize,superphosphate
78,48,22,maize,superphosphate
87,54,20,maize,superphosphate
87,35,25,maize,superphosphate
63,43,19,maize,superphosphate
84,57,25,maize,superphosphate
64,35,23,maize,superphosphate
60,46,22,maize,superphosphate
98,44,21,maize,superphosphate
75,56,18,maize,superphosphate
86,55,21,maize,superphosphate
98,35,18,maize,superphosphate
76,57,18,maize,superphosphate
99,56,17,maize,superphosphate
60,44,23,maize,superphosphate
74,48,17,maize,superphosphate
89,60,17,maize,superphosphate
69,51,23,maize,superphosphate
96,46,22,maize,superphosphate
61,60,15,maize,superphosphate
74,58,18,maize,superphosphate
74,43,23,maize,superphosphate
63,43,17,maize,superphosphate
99,36,20,maize,superphosphate
77,36,23,maize,superphosphate
87,60,23,maize,superphosphate
60,38,17,maize,superphosphate
94,54,17,maize,superphosphate
95,38,22,maize,superphosphate
84,44,21,maize,superphosphate
77,58,19,maize,superphosphate
66,44,20,maize,superphosphate
63,35,16,maize,superphosphate
79,45,20,maize,superphosphate
72,60,25,maize,superphosphate
67,51,24,maize,superphosphate
86,36,24,maize,superphosphate
76,48,18,maize,superphosphate
75,53,18,maize,superphosphate
81,45,23,maize,superphosphate
73,45,21,maize,superphosphate
71,35,24,maize,superphosphate
96,54,22,maize,superphosphate
99,39,18,maize,superphosphate
62,48,20,maize,superphosphate
86,37,16,maize,superphosphate
94,50,19,maize,superphosphate
76,39,24,maize,superphosphate
77,52,17,maize,superphosphate
74,39,23,maize,superphosphate
81,49,20,maize,superphosphate
63,42,21,maize,superphosphate
99,38,21,maize,superphosphate
90,52,25,maize,superphosphate
68,40,19,maize,superphosphate
60,57,24,maize,superphosphate
71,52,18,maize,superphosphate
61,59,17,maize,superphosphate
88,38,15,maize,superphosphate
65,60,22,maize,superphosphate
78,37,22,maize,superphosphate
78,58,15,maize,superphosphate
92,60,23,maize,superphosphate
79,59,17,maize,superphosphate
91,55,15,maize,superphosphate
76,51,18,maize,superphosphate
87,48,25,maize,superphosphate
71,60,22,maize,superphosphate
90,57,24,maize,superphosphate
67,35,22,maize,superphosphate
60,54,19,maize,superphosphate
83,58,23,maize,superphosphate
83,57,19,maize,superphosphate
40,72,77,chickpea,nitrogen
23,72,84,chickpea,nitrogen
39,58,85,chickpea,nitrogen
22,72,85,chickpea,nitrogen
36,67,77,chickpea,nitrogen
32,73,81,chickpea,nitrogen
58,70,84,chickpea,nitrogen
59,70,84,chickpea,nitrogen
42,62,75,chickpea,nitrogen
28,74,81,chickpea,nitrogen
58,66,79,chickpea,nitrogen
43,66,79,chickpea,nitrogen
58,63,81,chickpea,nitrogen
23,62,85,chickpea,nitrogen
27,62,77,chickpea,nitrogen
28,72,84,chickpea,nitrogen
50,56,76,chickpea,nitrogen
39,71,84,chickpea,nitrogen
25,78,76,chickpea,nitrogen
31,70,77,chickpea,nitrogen
26,80,83,chickpea,nitrogen
25,68,77,chickpea,nitrogen
31,78,76,chickpea,nitrogen
60,68,83,chickpea,nitrogen
59,62,83,chickpea,nitrogen
22,67,78,chickpea,nitrogen
36,65,80,chickpea,nitrogen
59,60,84,chickpea,nitrogen
54,77,85,chickpea,nitrogen
43,68,81,chickpea,nitrogen
28,76,82,chickpea,nitrogen
42,79,85,chickpea,nitrogen
32,60,83,chickpea,nitrogen
22,78,76,chickpea,nitrogen
31,79,75,chickpea,nitrogen
28,58,81,chickpea,nitrogen
57,58,77,chickpea,nitrogen
49,55,78,chickpea,nitrogen
46,76,77,chickpea,nitrogen
54,61,77,chickpea,nitrogen
38,60,76,chickpea,nitrogen
59,55,79,chickpea,nitrogen
36,76,75,chickpea,nitrogen
57,68,81,chickpea,nitrogen
35,66,81,chickpea,nitrogen
35,64,78,chickpea,nitrogen
52,60,79,chickpea,nitrogen
27,76,83,chickpea,nitrogen
57,60,84,chickpea,nitrogen
52,68,78,chickpea,nitrogen
43,79,79,chickpea,nitrogen
44,74,85,chickpea,nitrogen
24,55,78,chickpea,nitrogen
29,77,75,chickpea,nitrogen
20,60,78,chickpea,nitrogen
56,67,78,chickpea,nitrogen
37,66,85,chickpea,nitrogen
49,71,76,chickpea,nitrogen
59,69,80,chickpea,nitrogen
20,79,77,chickpea,nitrogen
24,56,85,chickpea,nitrogen
51,72,75,chickpea,nitrogen
57,73,85,chickpea,nitrogen
22,64,82,chickpea,nitrogen
52,73,79,chickpea,nitrogen
29,75,75,chickpea,nitrogen
44,59,78,chickpea,nitrogen
41,69,82,chickpea,nitrogen
52,56,85,chickpea,nitrogen
34,76,80,chickpea,nitrogen
42,74,83,chickpea,nitrogen
34,71,79,chickpea,nitrogen
27,73,79,chickpea,nitrogen
30,70,79,chickpea,nitrogen
57,57,75,chickpea,nitrogen
27,79,82,chickpea,nitrogen
32,71,85,chickpea,nitrogen
31,76,82,chickpea,nitrogen
33,75,84,chickpea,nitrogen
47,80,77,chickpea,nitrogen
54,62,80,chickpea,nitrogen
47,79,78,chickpea,nitrogen
35,57,83,chickpea,nitrogen
53,73,77,chickpea,nitrogen
45,61,78,chickpea,nitrogen
37,78,79,chickpea,nitrogen
30,75,81,chickpea,nitrogen
37,55,82,chickpea,nitrogen
53,65,76,chickpea,nitrogen
22,60,85,chickpea,nitrogen
60,61,78,chickpea,nitrogen
42,67,77,chickpea,nitrogen
39,76,76,chickpea,nitrogen
35,63,76,chickpea,nitrogen
30,65,82,chickpea,nitrogen
57,56,78,chickpea,nitrogen
48,65,78,chickpea,nitrogen
36,56,83,chickpea,nitrogen
40,58,75,chickpea,nitrogen
49,69,82,chickpea,nitrogen
13,60,25,kidneybeans,10-10-10
25,70,16,kidneybeans,10-10-10
31,55,22,kidneybeans,10-10-10
40,64,16,kidneybeans,10-10-10
2,61,20,kidneybeans,10-10-10
26,65,22,kidneybeans,10-10-10
17,57,21,kidneybeans,10-10-10
26,80,18,kidneybeans,10-10-10
17,59,17,kidneybeans,10-10-10
27,59,22,kidneybeans,10-10-10
28,58,24,kidneybeans,10-10-10
25,57,19,kidneybeans,10-10-10
28,80,17,kidneybeans,10-10-10
25,60,22,kidneybeans,10-10-10
12,78,23,kidneybeans,10-10-10
6,77,25,kidneybeans,10-10-10
22,79,17,kidneybeans,10-10-10
27,80,15,kidneybeans,10-10-10
10,55,23,kidneybeans,10-10-10
23,65,20,kidneybeans,10-10-10
19,78,16,kidneybeans,10-10-10
19,65,25,kidneybeans,10-10-10
22,70,19,kidneybeans,10-10-10
37,64,22,kidneybeans,10-10-10
11,71,17,kidneybeans,10-10-10
18,79,20,kidneybeans,10-10-10
21,63,17,kidneybeans,10-10-10
24,80,22,kidneybeans,10-10-10
34,60,22,kidneybeans,10-10-10
16,75,21,kidneybeans,10-10-10
17,77,23,kidneybeans,10-10-10
37,72,18,kidneybeans,10-10-10
40,73,20,kidneybeans,10-10-10
9,77,17,kidneybeans,10-10-10
1,62,23,kidneybeans,10-10-10
33,59,22,kidneybeans,10-10-10
23,59,19,kidneybeans,10-10-10
6,62,22,kidneybeans,10-10-10
25,63,20,kidneybeans,10-10-10
7,79,23,kidneybeans,10-10-10
8,72,17,kidneybeans,10-10-10
27,64,15,kidneybeans,10-10-10
28,66,23,kidneybeans,10-10-10
32,57,18,kidneybeans,10-10-10
27,56,22,kidneybeans,10-10-10
17,77,24,kidneybeans,10-10-10
0,65,15,kidneybeans,10-10-10
13,72,21,kidneybeans,10-10-10
34,60,23,kidneybeans,10-10-10
9,80,19,kidneybeans,10-10-10
11,72,20,kidneybeans,10-10-10
3,67,24,kidneybeans,10-10-10
35,69,23,kidneybeans,10-10-10
3,77,25,kidneybeans,10-10-10
23,62,19,kidneybeans,10-10-10
22,71,17,kidneybeans,10-10-10
31,79,25,kidneybeans,10-10-10
34,59,18,kidneybeans,10-10-10
12,63,17,kidneybeans,10-10-10
27,56,20,kidneybeans,10-10-10
7,63,24,kidneybeans,10-10-10
24,67,22,kidneybeans,10-10-10
11,71,24,kidneybeans,10-10-10
37,74,15,kidneybeans,10-10-10
25,76,24,kidneybeans,10-10-10
34,66,17,kidneybeans,10-10-10
20,69,15,kidneybeans,10-10-10
37,65,16,kidneybeans,10-10-10
18,74,15,kidneybeans,10-10-10
4,67,25,kidneybeans,10-10-10
37,56,25,kidneybeans,10-10-10
5,59,15,kidneybeans,10-10-10
11,61,21,kidneybeans,10-10-10
22,80,20,kidneybeans,10-10-10
12,61,19,kidneybeans,10-10-10
5,74,21,kidneybeans,10-10-10
27,69,22,kidneybeans,10-10-10
31,75,18,kidneybeans,10-10-10
36,68,20,kidneybeans,10-10-10
5,65,16,kidneybeans,10-10-10
32,79,15,kidneybeans,10-10-10
11,78,22,kidneybeans,10-10-10
0,55,22,kidneybeans,10-10-10
14,59,15,kidneybeans,10-10-10
29,68,23,kidneybeans,10-10-10
32,68,19,kidneybeans,10-10-10
17,64,17,kidneybeans,10-10-10
13,69,19,kidneybeans,10-10-10
14,67,22,kidneybeans,10-10-10
9,69,20,kidneybeans,10-10-10
20,73,22,kidneybeans,10-10-10
40,78,20,kidneybeans,10-10-10
27,72,23,kidneybeans,10-10-10
14,67,15,kidneybeans,10-10-10
7,56,18,kidneybeans,10-10-10
27,65,18,kidneybeans,10-10-10
30,63,16,kidneybeans,10-10-10
37,70,25,kidneybeans,10-10-10
27,63,19,kidneybeans,10-10-10
22,60,24,kidneybeans,10-10-10
3,72,24,pigeonpeas,14-14-14
40,59,23,pigeonpeas,14-14-14
33,73,23,pigeonpeas,14-14-14
27,57,24,pigeonpeas,14-14-14
10,79,18,pigeonpeas,14-14-14
30,75,25,pigeonpeas,14-14-14
40,70,20,pigeonpeas,14-14-14
38,55,19,pigeonpeas,14-14-14
35,58,20,pigeonpeas,14-14-14
38,61,21,pigeonpeas,14-14-14
33,58,24,pigeonpeas,14-14-14
16,56,17,pigeonpeas,14-14-14
31,72,17,pigeonpeas,14-14-14
16,80,20,pigeonpeas,14-14-14
27,72,17,pigeonpeas,14-14-14
40,62,19,pigeonpeas,14-14-14
18,58,16,pigeonpeas,14-14-14
3,68,16,pigeonpeas,14-14-14
26,67,24,pigeonpeas,14-14-14
16,70,20,pigeonpeas,14-14-14
24,63,19,pigeonpeas,14-14-14
9,76,25,pigeonpeas,14-14-14
16,55,19,pigeonpeas,14-14-14
28,75,21,pigeonpeas,14-14-14
16,71,24,pigeonpeas,14-14-14
24,70,21,pigeonpeas,14-14-14
38,72,21,pigeonpeas,14-14-14
9,66,21,pigeonpeas,14-14-14
34,56,17,pigeonpeas,14-14-14
1,76,19,pigeonpeas,14-14-14
6,69,19,pigeonpeas,14-14-14
26,73,21,pigeonpeas,14-14-14
27,61,18,pigeonpeas,14-14-14
27,71,23,pigeonpeas,14-14-14
36,61,21,pigeonpeas,14-14-14
17,73,18,pigeonpeas,14-14-14
26,72,22,pigeonpeas,14-14-14
17,64,16,pigeonpeas,14-14-14
14,74,19,pigeonpeas,14-14-14
39,60,15,pigeonpeas,14-14-14
6,66,15,pigeonpeas,14-14-14
8,59,18,pigeonpeas,14-14-14
2,67,18,pigeonpeas,14-14-14
1,76,17,pigeonpeas,14-14-14
16,73,19,pigeonpeas,14-14-14
23,75,25,pigeonpeas,14-14-14
32,70,20,pigeonpeas,14-14-14
28,59,22,pigeonpeas,14-14-14
5,62,23,pigeonpeas,14-14-14
36,67,25,pigeonpeas,14-14-14
1,66,23,pigeonpeas,14-14-14
24,73,20,pigeonpeas,14-14-14
17,67,18,pigeonpeas,14-14-14
5,55,18,pigeonpeas,14-14-14
5,56,24,pigeonpeas,14-14-14
37,77,17,pigeonpeas,14-14-14
13,73,20,pigeonpeas,14-14-14
6,63,23,pigeonpeas,14-14-14
16,77,22,pigeonpeas,14-14-14
25,64,20,pigeonpeas,14-14-14
34,75,24,pigeonpeas,14-14-14
20,77,23,pigeonpeas,14-14-14
35,80,25,pigeonpeas,14-14-14
14,75,24,pigeonpeas,14-14-14
36,80,21,pigeonpeas,14-14-14
7,77,18,pigeonpeas,14-14-14
29,78,25,pigeonpeas,14-14-14
30,60,21,pigeonpeas,14-14-14
20,74,16,pigeonpeas,14-14-14
19,57,23,pigeonpeas,14-14-14
3,60,19,pigeonpeas,14-14-14
5,77,19,pigeonpeas,14-14-14
5,68,20,pigeonpeas,14-14-14
37,73,21,pigeonpeas,14-14-14
9,59,24,pigeonpeas,14-14-14
20,72,15,pigeonpeas,14-14-14
31,56,23,pigeonpeas,14-14-14
0,70,21,pigeonpeas,14-14-14
21,74,15,pigeonpeas,14-14-14
13,67,18,pigeonpeas,14-14-14
27,74,20,pigeonpeas,14-14-14
29,72,24,pigeonpeas,14-14-14
5,68,20,pigeonpeas,14-14-14
39,57,19,pigeonpeas,14-14-14
22,62,16,pigeonpeas,14-14-14
18,55,23,pigeonpeas,14-14-14
39,77,21,pigeonpeas,14-14-14
13,75,20,pigeonpeas,14-14-14
27,71,24,pigeonpeas,14-14-14
26,64,22,pigeonpeas,14-14-14
23,55,16,pigeonpeas,14-14-14
4,69,19,pigeonpeas,14-14-14
20,67,19,pigeonpeas,14-14-14
7,74,17,pigeonpeas,14-14-14
17,64,18,pigeonpeas,14-14-14
35,71,17,pigeonpeas,14-14-14
11,72,22,pigeonpeas,14-14-14
20,60,22,pigeonpeas,14-14-14
10,71,18,pigeonpeas,14-14-14
33,61,24,pigeonpeas,14-14-14
3,49,18,mothbeans,nitrogen
22,59,23,mothbeans,nitrogen
36,58,25,mothbeans,nitrogen
4,43,18,mothbeans,nitrogen
29,54,16,mothbeans,nitrogen
32,43,22,mothbeans,nitrogen
14,55,15,mothbeans,nitrogen
5,35,20,mothbeans,nitrogen
25,57,24,mothbeans,nitrogen
11,53,24,mothbeans,nitrogen
40,49,17,mothbeans,nitrogen
38,56,25,mothbeans,nitrogen
27,43,23,mothbeans,nitrogen
24,38,22,mothbeans,nitrogen
23,45,21,mothbeans,nitrogen
29,57,20,mothbeans,nitrogen
31,35,23,mothbeans,nitrogen
0,55,25,mothbeans,nitrogen
7,45,22,mothbeans,nitrogen
17,58,25,mothbeans,nitrogen
11,44,17,mothbeans,nitrogen
22,49,22,mothbeans,nitrogen
9,51,19,mothbeans,nitrogen
28,48,15,mothbeans,nitrogen
26,50,19,mothbeans,nitrogen
36,56,20,mothbeans,nitrogen
8,60,18,mothbeans,nitrogen
24,37,21,mothbeans,nitrogen
22,43,24,mothbeans,nitrogen
36,43,24,mothbeans,nitrogen
22,44,24,mothbeans,nitrogen
17,43,22,mothbeans,nitrogen
8,45,15,mothbeans,nitrogen
7,56,23,mothbeans,nitrogen
36,57,16,mothbeans,nitrogen
11,45,19,mothbeans,nitrogen
6,36,22,mothbeans,nitrogen
17,57,20,mothbeans,nitrogen
4,47,20,mothbeans,nitrogen
9,49,16,mothbeans,nitrogen
25,51,24,mothbeans,nitrogen
36,44,21,mothbeans,nitrogen
21,38,20,mothbeans,nitrogen
37,57,20,mothbeans,nitrogen
32,48,18,mothbeans,nitrogen
29,44,20,mothbeans,nitrogen
25,51,18,mothbeans,nitrogen
10,44,24,mothbeans,nitrogen
23,35,18,mothbeans,nitrogen
9,60,23,mothbeans,nitrogen
3,58,21,mothbeans,nitrogen
22,42,22,mothbeans,nitrogen
12,39,21,mothbeans,nitrogen
39,36,22,mothbeans,nitrogen
32,41,16,mothbeans,nitrogen
30,41,15,mothbeans,nitrogen
19,36,22,mothbeans,nitrogen
4,46,15,mothbeans,nitrogen
21,39,20,mothbeans,nitrogen
35,57,25,mothbeans,nitrogen
22,55,24,mothbeans,nitrogen
35,51,17,mothbeans,nitrogen
17,56,17,mothbeans,nitrogen
28,57,17,mothbeans,nitrogen
22,36,16,mothbeans,nitrogen
11,41,19,mothbeans,nitrogen
38,38,18,mothbeans,nitrogen
23,37,24,mothbeans,nitrogen
25,35,20,mothbeans,nitrogen
40,45,20,mothbeans,nitrogen
23,58,19,mothbeans,nitrogen
2,56,23,mothbeans,nitrogen
3,56,17,mothbeans,nitrogen
26,51,25,mothbeans,nitrogen
39,42,20,mothbeans,nitrogen
27,59,20,mothbeans,nitrogen
24,45,19,mothbeans,nitrogen
7,40,17,mothbeans,nitrogen
15,45,23,mothbeans,nitrogen
26,52,23,mothbeans,nitrogen
20,45,16,mothbeans,nitrogen
34,54,24,mothbeans,nitrogen
19,51,25,mothbeans,nitrogen
29,41,21,mothbeans,nitrogen
20,50,22,mothbeans,nitrogen
11,40,23,mothbeans,nitrogen
15,54,15,mothbeans,nitrogen
35,55,22,mothbeans,nitrogen
9,59,25,mothbeans,nitrogen
40,45,18,mothbeans,nitrogen
35,38,19,mothbeans,nitrogen
14,58,17,mothbeans,nitrogen
40,55,18,mothbeans,nitrogen
18,36,23,mothbeans,nitrogen
35,52,15,mothbeans,nitrogen
4,59,22,mothbeans,nitrogen
22,51,16,mothbeans,nitrogen
33,47,17,mothbeans,nitrogen
2,51,17,mothbeans,nitrogen
16,51,21,mothbeans,nitrogen
19,55,20,mungbean,nitrogen
8,54,20,mungbean,nitrogen
36,55,20,mungbean,nitrogen
10,56,16,mungbean,nitrogen
22,56,17,mungbean,nitrogen
9,57,24,mungbean,nitrogen
34,59,23,mungbean,nitrogen
31,51,25,mungbean,nitrogen
0,49,18,mungbean,nitrogen
21,39,20,mungbean,nitrogen
28,35,22,mungbean,nitrogen
17,52,17,mungbean,nitrogen
24,42,23,mungbean,nitrogen
28,46,16,mungbean,nitrogen
21,38,21,mungbean,nitrogen
34,60,25,mungbean,nitrogen
19,53,22,mungbean,nitrogen
31,58,15,mungbean,nitrogen
19,35,24,mungbean,nitrogen
24,53,17,mungbean,nitrogen
13,47,20,mungbean,nitrogen
31,53,16,mungbean,nitrogen
28,45,23,mungbean,nitrogen
31,37,21,mungbean,nitrogen
33,60,15,mungbean,nitrogen
34,45,21,mungbean,nitrogen
13,57,25,mungbean,nitrogen
33,57,17,mungbean,nitrogen
32,57,22,mungbean,nitrogen
23,59,25,mungbean,nitrogen
35,41,18,mungbean,nitrogen
6,48,24,mungbean,nitrogen
29,36,25,mungbean,nitrogen
4,36,22,mungbean,nitrogen
10,59,22,mungbean,nitrogen
14,48,21,mungbean,nitrogen
8,50,21,mungbean,nitrogen
20,40,15,mungbean,nitrogen
36,43,22,mungbean,nitrogen
14,57,15,mungbean,nitrogen
11,60,23,mungbean,nitrogen
10,59,15,mungbean,nitrogen
7,60,25,mungbean,nitrogen
2,47,15,mungbean,nitrogen
20,45,22,mungbean,nitrogen
2,39,15,mungbean,nitrogen
27,40,24,mungbean,nitrogen
35,48,15,mungbean,nitrogen
4,59,25,mungbean,nitrogen
1,48,24,mungbean,nitrogen
36,43,21,mungbean,nitrogen
11,46,24,mungbean,nitrogen
34,47,19,mungbean,nitrogen
21,44,18,mungbean,nitrogen
17,58,20,mungbean,nitrogen
25,40,21,mungbean,nitrogen
2,38,18,mungbean,nitrogen
9,48,20,mungbean,nitrogen
37,49,25,mungbean,nitrogen
36,38,15,mungbean,nitrogen
40,58,15,mungbean,nitrogen
30,44,16,mungbean,nitrogen
1,59,23,mungbean,nitrogen
9,48,22,mungbean,nitrogen
14,41,17,mungbean,nitrogen
35,52,19,mungbean,nitrogen
31,48,17,mungbean,nitrogen
4,41,20,mungbean,nitrogen
30,37,25,mungbean,nitrogen
9,35,20,mungbean,nitrogen
20,41,20,mungbean,nitrogen
37,50,23,mungbean,nitrogen
34,35,21,mungbean,nitrogen
14,37,15,mungbean,nitrogen
23,39,22,mungbean,nitrogen
5,45,21,mungbean,nitrogen
22,37,20,mungbean,nitrogen
40,51,17,mungbean,nitrogen
27,56,20,mungbean,nitrogen
31,40,22,mungbean,nitrogen
38,36,21,mungbean,nitrogen
6,37,17,mungbean,nitrogen
6,47,18,mungbean,nitrogen
24,44,17,mungbean,nitrogen
25,59,19,mungbean,nitrogen
32,56,21,mungbean,nitrogen
8,45,18,mungbean,nitrogen
19,39,17,mungbean,nitrogen
39,37,15,mungbean,nitrogen
33,37,19,mungbean,nitrogen
26,54,17,mungbean,nitrogen
21,51,15,mungbean,nitrogen
22,54,20,mungbean,nitrogen
29,45,16,mungbean,nitrogen
4,40,21,mungbean,nitrogen
10,37,22,mungbean,nitrogen
4,44,19,mungbean,nitrogen
20,45,17,mungbean,nitrogen
23,45,23,mungbean,nitrogen
25,48,21,mungbean,nitrogen
56,79,15,blackgram,20:40:20
25,62,21,blackgram,20:40:20
42,61,22,blackgram,20:40:20
42,73,25,blackgram,20:40:20
44,58,18,blackgram,20:40:20
50,55,16,blackgram,20:40:20
35,72,21,blackgram,20:40:20
30,64,20,blackgram,20:40:20
27,64,21,blackgram,20:40:20
50,74,17,blackgram,20:40:20
39,73,24,blackgram,20:40:20
57,67,25,blackgram,20:40:20
52,63,19,blackgram,20:40:20
55,66,22,blackgram,20:40:20
51,56,18,blackgram,20:40:20
36,66,15,blackgram,20:40:20
59,55,19,blackgram,20:40:20
50,58,23,blackgram,20:40:20
30,65,25,blackgram,20:40:20
20,62,18,blackgram,20:40:20
58,71,15,blackgram,20:40:20
25,71,24,blackgram,20:40:20
52,71,16,blackgram,20:40:20
40,63,18,blackgram,20:40:20
20,60,25,blackgram,20:40:20
48,61,21,blackgram,20:40:20
49,68,22,blackgram,20:40:20
48,62,15,blackgram,20:40:20
32,66,17,blackgram,20:40:20
21,63,22,blackgram,20:40:20
20,72,19,blackgram,20:40:20
25,65,21,blackgram,20:40:20
41,78,21,blackgram,20:40:20
53,67,17,blackgram,20:40:20
39,60,21,blackgram,20:40:20
25,76,17,blackgram,20:40:20
21,78,19,blackgram,20:40:20
57,60,17,blackgram,20:40:20
56,75,15,blackgram,20:40:20
49,72,15,blackgram,20:40:20
24,80,19,blackgram,20:40:20
49,76,18,blackgram,20:40:20
28,68,19,blackgram,20:40:20
55,78,21,blackgram,20:40:20
50,64,25,blackgram,20:40:20
34,80,19,blackgram,20:40:20
20,68,23,blackgram,20:40:20
55,67,16,blackgram,20:40:20
23,70,15,blackgram,20:40:20
53,74,15,blackgram,20:40:20
26,67,16,blackgram,20:40:20
33,80,22,blackgram,20:40:20
37,79,19,blackgram,20:40:20
33,75,21,blackgram,20:40:20
22,55,20,blackgram,20:40:20
20,68,17,blackgram,20:40:20
43,68,20,blackgram,20:40:20
44,76,22,blackgram,20:40:20
34,60,16,blackgram,20:40:20
21,72,17,blackgram,20:40:20
25,68,19,blackgram,20:40:20
41,62,15,blackgram,20:40:20
28,65,23,blackgram,20:40:20
35,64,15,blackgram,20:40:20
52,58,16,blackgram,20:40:20
58,75,25,blackgram,20:40:20
34,66,19,blackgram,20:40:20
52,70,16,blackgram,20:40:20
23,57,19,blackgram,20:40:20
42,58,25,blackgram,20:40:20
37,62,17,blackgram,20:40:20
44,75,22,blackgram,20:40:20
21,80,20,blackgram,20:40:20
56,76,16,blackgram,20:40:20
29,76,15,blackgram,20:40:20
43,61,20,blackgram,20:40:20
55,60,15,blackgram,20:40:20
44,63,15,blackgram,20:40:20
29,67,21,blackgram,20:40:20
47,63,16,blackgram,20:40:20
40,68,17,blackgram,20:40:20
58,61,15,blackgram,20:40:20
41,74,18,blackgram,20:40:20
58,79,17,blackgram,20:40:20
27,62,24,blackgram,20:40:20
27,60,17,blackgram,20:40:20
52,65,20,blackgram,20:40:20
44,55,25,blackgram,20:40:20
21,62,24,blackgram,20:40:20
60,59,22,blackgram,20:40:20
33,77,21,blackgram,20:40:20
59,58,17,blackgram,20:40:20
29,63,17,blackgram,20:40:20
59,63,18,blackgram,20:40:20
29,70,15,blackgram,20:40:20
58,73,16,blackgram,20:40:20
55,77,22,blackgram,20:40:20
42,79,23,blackgram,20:40:20
44,77,21,blackgram,20:40:20
38,62,25,blackgram,20:40:20
32,76,15,lentil,Rhizobium
13,61,22,lentil,Rhizobium
38,60,20,lentil,Rhizobium
11,74,17,lentil,Rhizobium
37,71,16,lentil,Rhizobium
29,71,18,lentil,Rhizobium
2,72,18,lentil,Rhizobium
6,59,21,lentil,Rhizobium
13,64,20,lentil,Rhizobium
8,58,17,lentil,Rhizobium
6,77,20,lentil,Rhizobium
2,75,22,lentil,Rhizobium
3,69,23,lentil,Rhizobium
27,80,24,lentil,Rhizobium
39,78,15,lentil,Rhizobium
40,79,17,lentil,Rhizobium
37,62,22,lentil,Rhizobium
31,60,24,lentil,Rhizobium
22,67,22,lentil,Rhizobium
3,78,18,lentil,Rhizobium
4,80,16,lentil,Rhizobium
13,61,24,lentil,Rhizobium
12,66,20,lentil,Rhizobium
4,61,21,lentil,Rhizobium
9,60,21,lentil,Rhizobium
18,66,22,lentil,Rhizobium
32,56,18,lentil,Rhizobium
6,72,15,lentil,Rhizobium
15,77,20,lentil,Rhizobium
0,65,24,lentil,Rhizobium
30,79,22,lentil,Rhizobium
3,63,16,lentil,Rhizobium
2,78,23,lentil,Rhizobium
10,78,18,lentil,Rhizobium
14,67,25,lentil,Rhizobium
39,65,23,lentil,Rhizobium
19,72,15,lentil,Rhizobium
18,57,21,lentil,Rhizobium
31,58,15,lentil,Rhizobium
28,58,25,lentil,Rhizobium
5,65,19,lentil,Rhizobium
16,65,19,lentil,Rhizobium
34,65,19,lentil,Rhizobium
14,69,19,lentil,Rhizobium
22,55,16,lentil,Rhizobium
24,61,17,lentil,Rhizobium
2,79,15,lentil,Rhizobium
26,63,17,lentil,Rhizobium
27,61,15,lentil,Rhizobium
24,70,16,lentil,Rhizobium
13,74,25,lentil,Rhizobium
6,64,23,lentil,Rhizobium
12,58,23,lentil,Rhizobium
32,79,22,lentil,Rhizobium
6,68,18,lentil,Rhizobium
10,79,20,lentil,Rhizobium
38,77,22,lentil,Rhizobium
17,74,17,lentil,Rhizobium
26,68,24,lentil,Rhizobium
23,75,17,lentil,Rhizobium
32,78,22,lentil,Rhizobium
19,79,19,lentil,Rhizobium
22,60,18,lentil,Rhizobium
28,69,16,lentil,Rhizobium
1,67,21,lentil,Rhizobium
12,67,23,lentil,Rhizobium
36,67,20,lentil,Rhizobium
28,70,21,lentil,Rhizobium
12,71,19,lentil,Rhizobium
22,68,16,lentil,Rhizobium
26,66,22,lentil,Rhizobium
16,65,16,lentil,Rhizobium
14,59,22,lentil,Rhizobium
33,59,19,lentil,Rhizobium
21,63,17,lentil,Rhizobium
0,69,21,lentil,Rhizobium
10,75,17,lentil,Rhizobium
30,61,18,lentil,Rhizobium
0,74,17,lentil,Rhizobium
35,74,22,lentil,Rhizobium
7,63,24,lentil,Rhizobium
9,56,17,lentil,Rhizobium
14,74,15,lentil,Rhizobium
14,76,20,lentil,Rhizobium
36,65,16,lentil,Rhizobium
28,67,21,lentil,Rhizobium
28,79,16,lentil,Rhizobium
40,61,22,lentil,Rhizobium
10,70,19,lentil,Rhizobium
12,80,19,lentil,Rhizobium
37,77,20,lentil,Rhizobium
0,67,22,lentil,Rhizobium
7,73,25,lentil,Rhizobium
10,56,18,lentil,Rhizobium
39,70,15,lentil,Rhizobium
26,56,22,lentil,Rhizobium
9,77,17,lentil,Rhizobium
4,59,19,lentil,Rhizobium
34,73,15,lentil,Rhizobium
33,77,15,lentil,Rhizobium
2,24,38,pomegranate,8-8-8
6,18,37,pomegranate,8-8-8
8,26,36,pomegranate,8-8-8
37,18,39,pomegranate,8-8-8
0,27,38,pomegranate,8-8-8
31,25,38,pomegranate,8-8-8
21,21,38,pomegranate,8-8-8
6,30,40,pomegranate,8-8-8
25,27,41,pomegranate,8-8-8
15,11,38,pomegranate,8-8-8
14,5,36,pomegranate,8-8-8
16,10,41,pomegranate,8-8-8
36,7,37,pomegranate,8-8-8
4,20,41,pomegranate,8-8-8
29,22,40,pomegranate,8-8-8
16,15,42,pomegranate,8-8-8
18,27,41,pomegranate,8-8-8
11,18,42,pomegranate,8-8-8
5,15,38,pomegranate,8-8-8
18,23,44,pomegranate,8-8-8
9,8,40,pomegranate,8-8-8
40,27,45,pomegranate,8-8-8
22,23,44,pomegranate,8-8-8
9,16,39,pomegranate,8-8-8
12,29,40,pomegranate,8-8-8
0,17,42,pomegranate,8-8-8
2,21,44,pomegranate,8-8-8
28,6,40,pomegranate,8-8-8
8,23,44,pomegranate,8-8-8
29,16,36,pomegranate,8-8-8
17,18,43,pomegranate,8-8-8
34,21,42,pomegranate,8-8-8
21,23,42,pomegranate,8-8-8
25,17,40,pomegranate,8-8-8
8,25,36,pomegranate,8-8-8
26,18,42,pomegranate,8-8-8
4,19,42,pomegranate,8-8-8
36,24,41,pomegranate,8-8-8
5,24,40,pomegranate,8-8-8
19,17,39,pomegranate,8-8-8
39,30,38,pomegranate,8-8-8
5,29,44,pomegranate,8-8-8
4,24,43,pomegranate,8-8-8
38,21,35,pomegranate,8-8-8
37,11,36,pomegranate,8-8-8
9,25,41,pomegranate,8-8-8
29,22,43,pomegranate,8-8-8
5,21,38,pomegranate,8-8-8
22,26,38,pomegranate,8-8-8
4,18,37,pomegranate,8-8-8
21,6,41,pomegranate,8-8-8
29,21,45,pomegranate,8-8-8
23,5,44,pomegranate,8-8-8
13,7,43,pomegranate,8-8-8
5,13,37,pomegranate,8-8-8
27,24,41,pomegranate,8-8-8
7,23,35,pomegranate,8-8-8
12,20,39,pomegranate,8-8-8
4,19,43,pomegranate,8-8-8
3,9,45,pomegranate,8-8-8
1,27,36,pomegranate,8-8-8
23,30,44,pomegranate,8-8-8
24,21,42,pomegranate,8-8-8
13,30,37,pomegranate,8-8-8
40,11,44,pomegranate,8-8-8
21,9,40,pomegranate,8-8-8
3,27,44,pomegranate,8-8-8
40,29,42,pomegranate,8-8-8
14,25,40,pomegranate,8-8-8
38,14,37,pomegranate,8-8-8
34,9,36,pomegranate,8-8-8
32,14,37,pomegranate,8-8-8
18,21,35,pomegranate,8-8-8
8,23,38,pomegranate,8-8-8
15,6,41,pomegranate,8-8-8
0,5,36,pomegranate,8-8-8
22,9,44,pomegranate,8-8-8
14,8,43,pomegranate,8-8-8
31,11,45,pomegranate,8-8-8
39,17,45,pomegranate,8-8-8
10,5,42,pomegranate,8-8-8
8,28,38,pomegranate,8-8-8
32,13,42,pomegranate,8-8-8
18,9,40,pomegranate,8-8-8
20,27,41,pomegranate,8-8-8
39,25,36,pomegranate,8-8-8
20,7,45,pomegranate,8-8-8
11,10,45,pomegranate,8-8-8
40,18,43,pomegranate,8-8-8
3,26,39,pomegranate,8-8-8
9,16,36,pomegranate,8-8-8
30,20,38,pomegranate,8-8-8
40,9,41,pomegranate,8-8-8
40,30,35,pomegranate,8-8-8
32,25,35,pomegranate,8-8-8
33,23,45,pomegranate,8-8-8
4,14,41,pomegranate,8-8-8
13,17,45,pomegranate,8-8-8
39,24,39,pomegranate,8-8-8
8,28,37,pomegranate,8-8-8
91,94,46,banana,5-10-10
105,95,50,banana,5-10-10
108,92,53,banana,5-10-10
86,76,54,banana,5-10-10
80,77,49,banana,5-10-10
93,94,53,banana,5-10-10
90,92,55,banana,5-10-10
108,89,53,banana,5-10-10
108,88,55,banana,5-10-10
105,77,52,banana,5-10-10
118,88,52,banana,5-10-10
101,87,54,banana,5-10-10
95,75,50,banana,5-10-10
106,85,53,banana,5-10-10
86,95,49,banana,5-10-10
83,79,55,banana,5-10-10
85,95,47,banana,5-10-10
109,79,45,banana,5-10-10
100,76,45,banana,5-10-10
117,86,48,banana,5-10-10
114,94,53,banana,5-10-10
110,78,50,banana,5-10-10
94,70,48,banana,5-10-10
80,71,47,banana,5-10-10
114,79,51,banana,5-10-10
88,78,45,banana,5-10-10
112,73,48,banana,5-10-10
117,76,47,banana,5-10-10
111,87,48,banana,5-10-10
89,83,47,banana,5-10-10
93,91,47,banana,5-10-10
92,81,52,banana,5-10-10
105,74,45,banana,5-10-10
102,71,48,banana,5-10-10
94,91,51,banana,5-10-10
116,71,47,banana,5-10-10
117,79,49,banana,5-10-10
119,72,55,banana,5-10-10
99,73,53,banana,5-10-10
91,84,52,banana,5-10-10
80,90,47,banana,5-10-10
101,70,48,banana,5-10-10
108,89,53,banana,5-10-10
100,80,52,banana,5-10-10
109,91,53,banana,5-10-10
82,78,46,banana,5-10-10
106,70,55,banana,5-10-10
90,86,52,banana,5-10-10
83,95,50,banana,5-10-10
119,90,48,banana,5-10-10
107,72,45,banana,5-10-10
116,81,55,banana,5-10-10
101,75,50,banana,5-10-10
93,81,50,banana,5-10-10
95,75,45,banana,5-10-10
107,71,55,banana,5-10-10
83,94,47,banana,5-10-10
102,73,54,banana,5-10-10
86,79,45,banana,5-10-10
117,86,53,banana,5-10-10
111,79,53,banana,5-10-10
95,74,50,banana,5-10-10
91,75,55,banana,5-10-10
93,83,46,banana,5-10-10
92,85,51,banana,5-10-10
104,80,54,banana,5-10-10
103,72,51,banana,5-10-10
92,75,45,banana,5-10-10
93,85,49,banana,5-10-10
120,87,52,banana,5-10-10
108,72,46,banana,5-10-10
105,88,54,banana,5-10-10
98,79,50,banana,5-10-10
111,88,55,banana,5-10-10
97,74,45,banana,5-10-10
95,82,48,banana,5-10-10
89,91,55,banana,5-10-10
89,85,55,banana,5-10-10
118,88,51,banana,5-10-10
101,92,45,banana,5-10-10
99,92,47,banana,5-10-10
82,77,46,banana,5-10-10
90,86,55,banana,5-10-10
95,88,52,banana,5-10-10
104,73,46,banana,5-10-10
102,73,52,banana,5-10-10
100,74,52,banana,5-10-10
94,89,48,banana,5-10-10
99,70,46,banana,5-10-10
112,87,48,banana,5-10-10
117,82,45,banana,5-10-10
96,86,51,banana,5-10-10
113,85,45,banana,5-10-10
105,93,46,banana,5-10-10
85,89,51,banana,5-10-10
108,94,47,banana,5-10-10
92,81,52,banana,5-10-10
110,71,54,banana,5-10-10
82,75,55,banana,5-10-10
117,81,53,banana,5-10-10
2,40,27,mango,10-20-20
39,24,31,mango,10-20-20
21,26,27,mango,10-20-20
25,22,25,mango,10-20-20
0,21,32,mango,10-20-20
20,19,35,mango,10-20-20
19,21,34,mango,10-20-20
18,17,31,mango,10-20-20
11,36,33,mango,10-20-20
30,28,30,mango,10-20-20
18,19,27,mango,10-20-20
23,23,27,mango,10-20-20
37,30,34,mango,10-20-20
11,27,30,mango,10-20-20
12,19,31,mango,10-20-20
3,28,33,mango,10-20-20
37,38,32,mango,10-20-20
26,37,30,mango,10-20-20
14,18,30,mango,10-20-20
40,16,35,mango,10-20-20
4,20,25,mango,10-20-20
36,25,33,mango,10-20-20
30,17,31,mango,10-20-20
28,37,28,mango,10-20-20
38,15,30,mango,10-20-20
12,37,30,mango,10-20-20
38,19,31,mango,10-20-20
8,33,29,mango,10-20-20
15,27,28,mango,10-20-20
34,16,25,mango,10-20-20
11,36,31,mango,10-20-20
33,29,34,mango,10-20-20
12,31,26,mango,10-20-20
12,34,28,mango,10-20-20
5,16,31,mango,10-20-20
1,30,29,mango,10-20-20
16,35,31,mango,10-20-20
35,18,26,mango,10-20-20
4,40,26,mango,10-20-20
9,29,34,mango,10-20-20
2,38,33,mango,10-20-20
26,32,32,mango,10-20-20
34,38,31,mango,10-20-20
5,32,33,mango,10-20-20
31,29,26,mango,10-20-20
34,34,35,mango,10-20-20
36,19,32,mango,10-20-20
7,17,26,mango,10-20-20
38,15,27,mango,10-20-20
5,19,25,mango,10-20-20
37,36,26,mango,10-20-20
21,31,32,mango,10-20-20
37,36,27,mango,10-20-20
23,23,30,mango,10-20-20
36,26,26,mango,10-20-20
24,33,35,mango,10-20-20
26,18,30,mango,10-20-20
22,17,26,mango,10-20-20
11,34,32,mango,10-20-20
29,35,28,mango,10-20-20
22,28,26,mango,10-20-20
23,24,32,mango,10-20-20
1,35,34,mango,10-20-20
2,24,34,mango,10-20-20
39,37,25,mango,10-20-20
15,36,27,mango,10-20-20
3,18,31,mango,10-20-20
8,38,32,mango,10-20-20
33,31,34,mango,10-20-20
14,29,32,mango,10-20-20
18,20,26,mango,10-20-20
9,21,32,mango,10-20-20
20,30,27,mango,10-20-20
9,38,25,mango,10-20-20
26,24,34,mango,10-20-20
31,36,29,mango,10-20-20
14,18,35,mango,10-20-20
40,16,35,mango,10-20-20
28,27,34,mango,10-20-20
0,17,30,mango,10-20-20
1,29,29,mango,10-20-20
2,36,31,mango,10-20-20
12,27,26,mango,10-20-20
7,28,35,mango,10-20-20
0,36,26,mango,10-20-20
26,35,31,mango,10-20-20
27,21,30,mango,10-20-20
22,38,31,mango,10-20-20
22,18,31,mango,10-20-20
28,23,28,mango,10-20-20
7,31,27,mango,10-20-20
29,34,26,mango,10-20-20
8,37,33,mango,10-20-20
39,16,27,mango,10-20-20
40,24,25,mango,10-20-20
19,38,26,mango,10-20-20
21,21,30,mango,10-20-20
22,18,33,mango,10-20-20
31,20,30,mango,10-20-20
18,26,31,mango,10-20-20
24,130,195,grapes,Hydrated Lime
13,144,204,grapes,Hydrated Lime
22,123,205,grapes,Hydrated Lime
36,125,196,grapes,Hydrated Lime
24,131,196,grapes,Hydrated Lime
2,123,198,grapes,Hydrated Lime
35,140,197,grapes,Hydrated Lime
11,122,195,grapes,Hydrated Lime
6,123,203,grapes,Hydrated Lime
17,134,204,grapes,Hydrated Lime
25,130,197,grapes,Hydrated Lime
27,145,205,grapes,Hydrated Lime
9,122,201,grapes,Hydrated Lime
16,139,203,grapes,Hydrated Lime
32,141,204,grapes,Hydrated Lime
22,138,195,grapes,Hydrated Lime
31,144,202,grapes,Hydrated Lime
3,136,205,grapes,Hydrated Lime
28,122,197,grapes,Hydrated Lime
4,136,204,grapes,Hydrated Lime
39,145,201,grapes,Hydrated Lime
38,132,197,grapes,Hydrated Lime
36,133,198,grapes,Hydrated Lime
25,121,201,grapes,Hydrated Lime
15,125,199,grapes,Hydrated Lime
24,140,205,grapes,Hydrated Lime
13,132,203,grapes,Hydrated Lime
5,126,197,grapes,Hydrated Lime
30,120,200,grapes,Hydrated Lime
23,142,197,grapes,Hydrated Lime
26,135,203,grapes,Hydrated Lime
7,126,203,grapes,Hydrated Lime
32,139,198,grapes,Hydrated Lime
9,141,202,grapes,Hydrated Lime
20,142,196,grapes,Hydrated Lime
32,129,201,grapes,Hydrated Lime
3,134,199,grapes,Hydrated Lime
38,138,204,grapes,Hydrated Lime
14,131,198,grapes,Hydrated Lime
20,122,204,grapes,Hydrated Lime
40,126,201,grapes,Hydrated Lime
36,128,204,grapes,Hydrated Lime
11,132,197,grapes,Hydrated Lime
0,137,195,grapes,Hydrated Lime
19,123,200,grapes,Hydrated Lime
31,136,197,grapes,Hydrated Lime
4,134,200,grapes,Hydrated Lime
39,139,201,grapes,Hydrated Lime
8,127,196,grapes,Hydrated Lime
39,138,203,grapes,Hydrated Lime
32,120,204,grapes,Hydrated Lime
12,142,203,grapes,Hydrated Lime
8,133,195,grapes,Hydrated Lime
8,139,199,grapes,Hydrated Lime
21,134,202,grapes,Hydrated Lime
40,140,195,grapes,Hydrated Lime
39,127,202,grapes,Hydrated Lime
19,120,195,grapes,Hydrated Lime
21,139,201,grapes,Hydrated Lime
17,136,195,grapes,Hydrated Lime
33,139,203,grapes,Hydrated Lime
22,133,201,grapes,Hydrated Lime
32,130,196,grapes,Hydrated Lime
37,135,205,grapes,Hydrated Lime
15,140,195,grapes,Hydrated Lime
39,132,196,grapes,Hydrated Lime
40,121,199,grapes,Hydrated Lime
40,132,202,grapes,Hydrated Lime
29,142,203,grapes,Hydrated Lime
32,121,199,grapes,Hydrated Lime
6,140,205,grapes,Hydrated Lime
8,120,196,grapes,Hydrated Lime
34,133,202,grapes,Hydrated Lime
35,135,199,grapes,Hydrated Lime
16,145,199,grapes,Hydrated Lime
8,136,201,grapes,Hydrated Lime
25,129,195,grapes,Hydrated Lime
16,130,201,grapes,Hydrated Lime
39,129,203,grapes,Hydrated Lime
38,135,203,grapes,Hydrated Lime
33,120,205,grapes,Hydrated Lime
35,125,204,grapes,Hydrated Lime
1,132,200,grapes,Hydrated Lime
39,140,203,grapes,Hydrated Lime
28,145,202,grapes,Hydrated Lime
6,128,200,grapes,Hydrated Lime
6,139,199,grapes,Hydrated Lime
29,122,196,grapes,Hydrated Lime
37,144,197,grapes,Hydrated Lime
38,120,197,grapes,Hydrated Lime
38,141,198,grapes,Hydrated Lime
14,121,203,grapes,Hydrated Lime
6,125,204,grapes,Hydrated Lime
32,138,197,grapes,Hydrated Lime
11,124,204,grapes,Hydrated Lime
23,138,200,grapes,Hydrated Lime
40,143,201,grapes,Hydrated Lime
6,142,202,grapes,Hydrated Lime
37,124,195,grapes,Hydrated Lime
35,134,204,grapes,Hydrated Lime
119,25,51,watermelon,5-5-5
119,19,55,watermelon,5-5-5
105,30,50,watermelon,5-5-5
114,8,50,watermelon,5-5-5
93,22,52,watermelon,5-5-5
80,26,55,watermelon,5-5-5
85,27,45,watermelon,5-5-5
85,22,53,watermelon,5-5-5
82,22,45,watermelon,5-5-5
118,13,54,watermelon,5-5-5
83,25,53,watermelon,5-5-5
86,15,47,watermelon,5-5-5
101,10,47,watermelon,5-5-5
119,9,50,watermelon,5-5-5
104,17,46,watermelon,5-5-5
95,12,51,watermelon,5-5-5
102,14,52,watermelon,5-5-5
109,21,55,watermelon,5-5-5
81,18,50,watermelon,5-5-5
103,17,51,watermelon,5-5-5
105,14,50,watermelon,5-5-5
97,8,52,watermelon,5-5-5
120,19,49,watermelon,5-5-5
95,16,55,watermelon,5-5-5
83,29,52,watermelon,5-5-5
83,9,45,watermelon,5-5-5
91,21,50,watermelon,5-5-5
116,5,54,watermelon,5-5-5
112,28,54,watermelon,5-5-5
88,29,51,watermelon,5-5-5
118,15,45,watermelon,5-5-5
92,21,48,watermelon,5-5-5
106,14,45,watermelon,5-5-5
99,5,47,watermelon,5-5-5
98,8,51,watermelon,5-5-5
108,22,46,watermelon,5-5-5
119,7,55,watermelon,5-5-5
117,27,48,watermelon,5-5-5
109,10,53,watermelon,5-5-5
80,16,46,watermelon,5-5-5
100,18,52,watermelon,5-5-5
91,7,53,watermelon,5-5-5
86,6,53,watermelon,5-5-5
107,5,52,watermelon,5-5-5
103,16,49,watermelon,5-5-5
101,20,48,watermelon,5-5-5
85,25,47,watermelon,5-5-5
84,7,51,watermelon,5-5-5
102,28,54,watermelon,5-5-5
98,25,52,watermelon,5-5-5
97,25,50,watermelon,5-5-5
90,16,45,watermelon,5-5-5
95,12,46,watermelon,5-5-5
82,23,49,watermelon,5-5-5
82,25,51,watermelon,5-5-5
110,28,46,watermelon,5-5-5
118,21,51,watermelon,5-5-5
120,20,45,watermelon,5-5-5
91,7,52,watermelon,5-5-5
81,6,55,watermelon,5-5-5
101,13,54,watermelon,5-5-5
101,17,55,watermelon,5-5-5
111,6,53,watermelon,5-5-5
107,10,49,watermelon,5-5-5
115,11,46,watermelon,5-5-5
84,25,52,watermelon,5-5-5
120,7,47,watermelon,5-5-5
91,12,46,watermelon,5-5-5
89,22,52,watermelon,5-5-5
113,19,46,watermelon,5-5-5
97,22,50,watermelon,5-5-5
117,30,50,watermelon,5-5-5
90,14,52,watermelon,5-5-5
104,23,47,watermelon,5-5-5
81,16,45,watermelon,5-5-5
88,5,47,watermelon,5-5-5
92,7,45,watermelon,5-5-5
81,18,50,watermelon,5-5-5
111,5,55,watermelon,5-5-5
108,23,51,watermelon,5-5-5
113,30,50,watermelon,5-5-5
83,10,53,watermelon,5-5-5
101,11,51,watermelon,5-5-5
114,21,55,watermelon,5-5-5
99,6,45,watermelon,5-5-5
92,20,55,watermelon,5-5-5
92,7,48,watermelon,5-5-5
91,24,55,watermelon,5-5-5
110,21,54,watermelon,5-5-5
112,25,51,watermelon,5-5-5
89,25,54,watermelon,5-5-5
100,10,53,watermelon,5-5-5
83,22,54,watermelon,5-5-5
95,14,50,watermelon,5-5-5
119,30,49,watermelon,5-5-5
97,12,47,watermelon,5-5-5
110,7,45,watermelon,5-5-5
96,18,50,watermelon,5-5-5
83,23,55,watermelon,5-5-5
120,24,47,watermelon,5-5-5
115,17,55,muskmelon,FYM 20 t/ha
114,27,48,muskmelon,FYM 20 t/ha
101,25,52,muskmelon,FYM 20 t/ha
118,18,52,muskmelon,FYM 20 t/ha
95,26,45,muskmelon,FYM 20 t/ha
81,25,49,muskmelon,FYM 20 t/ha
117,24,53,muskmelon,FYM 20 t/ha
114,30,51,muskmelon,FYM 20 t/ha
113,6,52,muskmelon,FYM 20 t/ha
108,26,52,muskmelon,FYM 20 t/ha
81,30,48,muskmelon,FYM 20 t/ha
115,9,52,muskmelon,FYM 20 t/ha
83,7,45,muskmelon,FYM 20 t/ha
84,21,55,muskmelon,FYM 20 t/ha
109,26,45,muskmelon,FYM 20 t/ha
95,27,55,muskmelon,FYM 20 t/ha
119,5,55,muskmelon,FYM 20 t/ha
110,14,51,muskmelon,FYM 20 t/ha
82,18,48,muskmelon,FYM 20 t/ha
87,14,48,muskmelon,FYM 20 t/ha
85,9,53,muskmelon,FYM 20 t/ha
100,6,53,muskmelon,FYM 20 t/ha
107,12,46,muskmelon,FYM 20 t/ha
91,13,47,muskmelon,FYM 20 t/ha
102,25,50,muskmelon,FYM 20 t/ha
117,25,53,muskmelon,FYM 20 t/ha
85,21,52,muskmelon,FYM 20 t/ha
104,25,55,muskmelon,FYM 20 t/ha
102,24,54,muskmelon,FYM 20 t/ha
116,25,50,muskmelon,FYM 20 t/ha
100,17,48,muskmelon,FYM 20 t/ha
110,25,54,muskmelon,FYM 20 t/ha
104,25,51,muskmelon,FYM 20 t/ha
107,11,54,muskmelon,FYM 20 t/ha
98,26,52,muskmelon,FYM 20 t/ha
88,17,52,muskmelon,FYM 20 t/ha
87,25,46,muskmelon,FYM 20 t/ha
120,8,46,muskmelon,FYM 20 t/ha
95,13,46,muskmelon,FYM 20 t/ha
108,22,47,muskmelon,FYM 20 t/ha
82,13,52,muskmelon,FYM 20 t/ha
120,23,55,muskmelon,FYM 20 t/ha
110,22,47,muskmelon,FYM 20 t/ha
95,23,45,muskmelon,FYM 20 t/ha
106,10,49,muskmelon,FYM 20 t/ha
99,12,52,muskmelon,FYM 20 t/ha
106,20,51,muskmelon,FYM 20 t/ha
83,11,53,muskmelon,FYM 20 t/ha
117,19,55,muskmelon,FYM 20 t/ha
98,26,49,muskmelon,FYM 20 t/ha
113,20,48,muskmelon,FYM 20 t/ha
101,17,47,muskmelon,FYM 20 t/ha
98,7,45,muskmelon,FYM 20 t/ha
93,22,48,muskmelon,FYM 20 t/ha
95,21,47,muskmelon,FYM 20 t/ha
109,12,48,muskmelon,FYM 20 t/ha
118,12,47,muskmelon,FYM 20 t/ha
100,14,49,muskmelon,FYM 20 t/ha
89,9,47,muskmelon,FYM 20 t/ha
95,16,46,muskmelon,FYM 20 t/ha
95,7,45,muskmelon,FYM 20 t/ha
87,6,45,muskmelon,FYM 20 t/ha
93,20,50,muskmelon,FYM 20 t/ha
84,29,49,muskmelon,FYM 20 t/ha
111,5,47,muskmelon,FYM 20 t/ha
111,5,52,muskmelon,FYM 20 t/ha
111,15,54,muskmelon,FYM 20 t/ha
89,11,47,muskmelon,FYM 20 t/ha
110,15,48,muskmelon,FYM 20 t/ha
95,30,52,muskmelon,FYM 20 t/ha
115,12,52,muskmelon,FYM 20 t/ha
120,25,50,muskmelon,FYM 20 t/ha
102,11,45,muskmelon,FYM 20 t/ha
94,5,55,muskmelon,FYM 20 t/ha
84,18,46,muskmelon,FYM 20 t/ha
107,22,54,muskmelon,FYM 20 t/ha
80,18,52,muskmelon,FYM 20 t/ha
86,18,45,muskmelon,FYM 20 t/ha
113,28,48,muskmelon,FYM 20 t/ha
115,18,53,muskmelon,FYM 20 t/ha
82,20,54,muskmelon,FYM 20 t/ha
98,22,47,muskmelon,FYM 20 t/ha
117,25,54,muskmelon,FYM 20 t/ha
83,15,49,muskmelon,FYM 20 t/ha
120,16,51,muskmelon,FYM 20 t/ha
111,5,50,muskmelon,FYM 20 t/ha
85,21,47,muskmelon,FYM 20 t/ha
90,23,54,muskmelon,FYM 20 t/ha
99,29,55,muskmelon,FYM 20 t/ha
102,11,47,muskmelon,FYM 20 t/ha
80,18,51,muskmelon,FYM 20 t/ha
87,21,52,muskmelon,FYM 20 t/ha
114,8,52,muskmelon,FYM 20 t/ha
99,6,46,muskmelon,FYM 20 t/ha
89,25,50,muskmelon,FYM 20 t/ha
96,13,55,muskmelon,FYM 20 t/ha
82,26,47,muskmelon,FYM 20 t/ha
106,21,52,muskmelon,FYM 20 t/ha
90,15,52,muskmelon,FYM 20 t/ha
106,16,54,muskmelon,FYM 20 t/ha
24,128,196,apple,FYM
7,144,197,apple,FYM
14,128,205,apple,FYM
8,120,201,apple,FYM
20,129,201,apple,FYM
32,137,204,apple,FYM
27,139,205,apple,FYM
0,123,205,apple,FYM
22,144,196,apple,FYM
1,124,199,apple,FYM
30,122,197,apple,FYM
29,121,196,apple,FYM
13,126,204,apple,FYM
9,139,199,apple,FYM
0,133,200,apple,FYM
30,143,199,apple,FYM
36,140,198,apple,FYM
37,137,199,apple,FYM
33,121,203,apple,FYM
7,144,195,apple,FYM
35,128,205,apple,FYM
29,128,198,apple,FYM
2,143,196,apple,FYM
34,140,198,apple,FYM
29,144,204,apple,FYM
32,141,203,apple,FYM
13,144,197,apple,FYM
25,143,198,apple,FYM
9,137,200,apple,FYM
6,144,198,apple,FYM
37,126,196,apple,FYM
2,120,203,apple,FYM
11,143,197,apple,FYM
10,141,201,apple,FYM
24,142,202,apple,FYM
23,138,195,apple,FYM
18,125,204,apple,FYM
13,121,196,apple,FYM
26,122,202,apple,FYM
28,123,202,apple,FYM
26,121,201,apple,FYM
21,137,196,apple,FYM
21,135,198,apple,FYM
5,144,205,apple,FYM
2,123,205,apple,FYM
15,133,199,apple,FYM
31,130,198,apple,FYM
25,143,200,apple,FYM
16,143,204,apple,FYM
19,122,202,apple,FYM
10,125,196,apple,FYM
20,139,202,apple,FYM
28,123,198,apple,FYM
28,136,200,apple,FYM
2,131,199,apple,FYM
2,140,197,apple,FYM
27,138,201,apple,FYM
30,127,204,apple,FYM
32,145,203,apple,FYM
29,139,205,apple,FYM
26,126,195,apple,FYM
40,136,202,apple,FYM
6,124,200,apple,FYM
35,138,200,apple,FYM
17,136,196,apple,FYM
33,134,205,apple,FYM
16,143,197,apple,FYM
27,120,200,apple,FYM
29,145,205,apple,FYM
3,141,197,apple,FYM
15,123,204,apple,FYM
5,136,195,apple,FYM
10,136,204,apple,FYM
7,141,195,apple,FYM
2,129,201,apple,FYM
29,138,197,apple,FYM
30,137,200,apple,FYM
29,132,204,apple,FYM
14,139,197,apple,FYM
18,125,203,apple,FYM
33,143,204,apple,FYM
40,144,196,apple,FYM
9,143,197,apple,FYM
38,135,203,apple,FYM
28,130,196,apple,FYM
35,142,203,apple,FYM
12,129,205,apple,FYM
1,135,203,apple,FYM
0,145,205,apple,FYM
31,121,201,apple,FYM
35,131,203,apple,FYM
29,140,195,apple,FYM
33,138,198,apple,FYM
14,140,197,apple,FYM
35,145,195,apple,FYM
40,120,197,apple,FYM
25,132,198,apple,FYM
31,137,196,apple,FYM
36,144,196,apple,FYM
10,140,197,apple,FYM
22,30,12,orange,P2O5
37,6,13,orange,P2O5
27,13,6,orange,P2O5
7,16,9,orange,P2O5
20,7,9,orange,P2O5
26,27,10,orange,P2O5
5,23,15,orange,P2O5
0,18,14,orange,P2O5
39,24,14,orange,P2O5
13,23,6,orange,P2O5
21,17,15,orange,P2O5
33,12,8,orange,P2O5
6,9,12,orange,P2O5
19,7,10,orange,P2O5
24,18,6,orange,P2O5
9,11,8,orange,P2O5
31,8,7,orange,P2O5
22,17,5,orange,P2O5
13,5,8,orange,P2O5
16,8,9,orange,P2O5
4,13,6,orange,P2O5
0,25,14,orange,P2O5
8,7,10,orange,P2O5
4,23,5,orange,P2O5
33,14,8,orange,P2O5
30,7,15,orange,P2O5
21,29,12,orange,P2O5
11,14,5,orange,P2O5
9,8,15,orange,P2O5
5,18,14,orange,P2O5
29,25,14,orange,P2O5
33,12,15,orange,P2O5
8,16,6,orange,P2O5
15,14,8,orange,P2O5
16,7,8,orange,P2O5
0,12,7,orange,P2O5
5,25,6,orange,P2O5
6,8,11,orange,P2O5
10,5,5,orange,P2O5
1,17,6,orange,P2O5
1,30,10,orange,P2O5
0,23,15,orange,P2O5
24,27,9,orange,P2O5
36,11,13,orange,P2O5
40,21,8,orange,P2O5
40,22,6,orange,P2O5
32,18,13,orange,P2O5
9,10,10,orange,P2O5
13,16,8,orange,P2O5
15,9,11,orange,P2O5
29,11,5,orange,P2O5
1,15,9,orange,P2O5
18,5,11,orange,P2O5
14,22,9,orange,P2O5
33,15,7,orange,P2O5
4,6,7,orange,P2O5
17,16,14,orange,P2O5
12,20,10,orange,P2O5
34,29,8,orange,P2O5
39,28,10,orange,P2O5
31,25,12,orange,P2O5
12,6,8,orange,P2O5
12,29,13,orange,P2O5
26,11,11,orange,P2O5
19,24,15,orange,P2O5
39,21,9,orange,P2O5
16,29,13,orange,P2O5
36,29,13,orange,P2O5
37,23,12,orange,P2O5
39,9,15,orange,P2O5
31,5,14,orange,P2O5
18,12,8,orange,P2O5
20,20,10,orange,P2O5
5,8,5,orange,P2O5
20,8,12,orange,P2O5
25,21,11,orange,P2O5
14,19,14,orange,P2O5
37,18,12,orange,P2O5
26,15,6,orange,P2O5
13,22,5,orange,P2O5
32,25,9,orange,P2O5
19,7,9,orange,P2O5
28,7,9,orange,P2O5
24,30,11,orange,P2O5
7,17,10,orange,P2O5
18,23,8,orange,P2O5
7,20,12,orange,P2O5
20,23,11,orange,P2O5
18,14,11,orange,P2O5
34,11,10,orange,P2O5
20,29,10,orange,P2O5
37,24,13,orange,P2O5
12,8,10,orange,P2O5
34,10,14,orange,P2O5
6,13,9,orange,P2O5
27,30,5,orange,P2O5
13,8,12,orange,P2O5
6,7,7,orange,P2O5
40,17,15,orange,P2O5
31,26,9,orange,P2O5
61,68,50,papaya,14-14-14
58,46,45,papaya,14-14-14
45,47,55,papaya,14-14-14
39,65,53,papaya,14-14-14
31,68,45,papaya,14-14-14
70,68,45,papaya,14-14-14
68,62,50,papaya,14-14-14
34,65,47,papaya,14-14-14
38,68,54,papaya,14-14-14
69,64,47,papaya,14-14-14
58,51,47,papaya,14-14-14
59,47,53,papaya,14-14-14
44,64,54,papaya,14-14-14
56,57,48,papaya,14-14-14
69,60,54,papaya,14-14-14
56,58,49,papaya,14-14-14
49,55,53,papaya,14-14-14
38,51,52,papaya,14-14-14
54,65,47,papaya,14-14-14
57,57,51,papaya,14-14-14
39,52,53,papaya,14-14-14
58,67,45,papaya,14-14-14
61,64,52,papaya,14-14-14
34,62,55,papaya,14-14-14
31,48,45,papaya,14-14-14
47,46,52,papaya,14-14-14
32,68,52,papaya,14-14-14
36,59,46,papaya,14-14-14
61,51,51,papaya,14-14-14
70,54,46,papaya,14-14-14
44,56,49,papaya,14-14-14
34,68,51,papaya,14-14-14
50,59,47,papaya,14-14-14
39,70,52,papaya,14-14-14
34,61,49,papaya,14-14-14
44,60,55,papaya,14-14-14
31,62,52,papaya,14-14-14
65,62,51,papaya,14-14-14
44,57,53,papaya,14-14-14
50,47,48,papaya,14-14-14
43,50,48,papaya,14-14-14
60,46,53,papaya,14-14-14
70,68,55,papaya,14-14-14
59,62,52,papaya,14-14-14
60,58,51,papaya,14-14-14
42,60,47,papaya,14-14-14
35,66,47,papaya,14-14-14
34,65,48,papaya,14-14-14
36,54,46,papaya,14-14-14
39,64,52,papaya,14-14-14
37,52,47,papaya,14-14-14
33,47,46,papaya,14-14-14
34,48,48,papaya,14-14-14
49,54,50,papaya,14-14-14
40,65,49,papaya,14-14-14
68,52,49,papaya,14-14-14
50,46,52,papaya,14-14-14
65,63,50,papaya,14-14-14
40,49,47,papaya,14-14-14
42,53,48,papaya,14-14-14
49,55,51,papaya,14-14-14
59,62,49,papaya,14-14-14
63,58,47,papaya,14-14-14
70,65,52,papaya,14-14-14
63,50,52,papaya,14-14-14
40,64,47,papaya,14-14-14
63,58,50,papaya,14-14-14
45,58,49,papaya,14-14-14
66,69,47,papaya,14-14-14
54,67,52,papaya,14-14-14
69,67,52,papaya,14-14-14
67,68,49,papaya,14-14-14
45,57,47,papaya,14-14-14
56,50,52,papaya,14-14-14
70,50,53,papaya,14-14-14
44,47,45,papaya,14-14-14
50,60,47,papaya,14-14-14
52,51,53,papaya,14-14-14
35,68,45,papaya,14-14-14
68,69,52,papaya,14-14-14
32,55,52,papaya,14-14-14
32,55,51,papaya,14-14-14
48,62,47,papaya,14-14-14
39,69,53,papaya,14-14-14
49,61,45,papaya,14-14-14
48,57,54,papaya,14-14-14
69,66,49,papaya,14-14-14
53,55,55,papaya,14-14-14
38,61,52,papaya,14-14-14
57,64,55,papaya,14-14-14
51,57,55,papaya,14-14-14
56,65,45,papaya,14-14-14
54,66,52,papaya,14-14-14
58,55,47,papaya,14-14-14
68,70,54,papaya,14-14-14
42,59,55,papaya,14-14-14
43,64,47,papaya,14-14-14
35,67,49,papaya,14-14-14
56,59,55,papaya,14-14-14
39,64,53,papaya,14-14-14
18,30,29,coconut,ERP
37,23,28,coconut,ERP
13,28,33,coconut,ERP
2,21,35,coconut,ERP
10,18,35,coconut,ERP
7,11,32,coconut,ERP
39,5,31,coconut,ERP
34,6,27,coconut,ERP
31,30,29,coconut,ERP
25,7,35,coconut,ERP
16,18,26,coconut,ERP
26,10,33,coconut,ERP
27,8,32,coconut,ERP
37,18,30,coconut,ERP
19,15,34,coconut,ERP
0,19,33,coconut,ERP
31,20,26,coconut,ERP
9,17,32,coconut,ERP
22,11,29,coconut,ERP
31,6,26,coconut,ERP
34,6,30,coconut,ERP
24,6,32,coconut,ERP
1,8,26,coconut,ERP
31,13,33,coconut,ERP
10,9,28,coconut,ERP
36,27,26,coconut,ERP
38,24,33,coconut,ERP
11,6,25,coconut,ERP
16,14,30,coconut,ERP
33,14,35,coconut,ERP
16,6,29,coconut,ERP
32,11,31,coconut,ERP
38,14,30,coconut,ERP
8,6,33,coconut,ERP
23,6,33,coconut,ERP
29,25,35,coconut,ERP
24,14,33,coconut,ERP
32,12,30,coconut,ERP
30,25,31,coconut,ERP
14,21,35,coconut,ERP
27,22,29,coconut,ERP
40,5,29,coconut,ERP
17,11,32,coconut,ERP
30,30,35,coconut,ERP
28,10,30,coconut,ERP
39,7,29,coconut,ERP
32,20,35,coconut,ERP
7,15,32,coconut,ERP
29,17,29,coconut,ERP
34,15,34,coconut,ERP
14,23,25,coconut,ERP
18,19,29,coconut,ERP
7,21,35,coconut,ERP
24,27,34,coconut,ERP
39,29,29,coconut,ERP
29,8,28,coconut,ERP
10,24,27,coconut,ERP
0,29,32,coconut,ERP
32,11,31,coconut,ERP
37,10,32,coconut,ERP
20,29,27,coconut,ERP
31,29,35,coconut,ERP
17,30,27,coconut,ERP
1,12,30,coconut,ERP
6,13,29,coconut,ERP
15,28,32,coconut,ERP
27,24,29,coconut,ERP
3,23,30,coconut,ERP
8,26,26,coconut,ERP
20,28,26,coconut,ERP
26,18,27,coconut,ERP
1,6,35,coconut,ERP
27,30,31,coconut,ERP
23,7,34,coconut,ERP
0,26,31,coconut,ERP
38,6,25,coconut,ERP
25,12,26,coconut,ERP
40,5,32,coconut,ERP
0,19,31,coconut,ERP
26,9,32,coconut,ERP
35,30,34,coconut,ERP
19,30,30,coconut,ERP
31,13,33,coconut,ERP
17,29,26,coconut,ERP
2,30,30,coconut,ERP
30,13,25,coconut,ERP
8,15,33,coconut,ERP
18,12,35,coconut,ERP
8,28,30,coconut,ERP
40,22,29,coconut,ERP
27,10,33,coconut,ERP
21,20,31,coconut,ERP
3,9,35,coconut,ERP
22,16,27,coconut,ERP
27,8,30,coconut,ERP
22,8,33,coconut,ERP
28,27,32,coconut,ERP
23,21,26,coconut,ERP
37,5,34,coconut,ERP
19,26,29,coconut,ERP
133,47,24,cotton,20-10-10
136,36,20,cotton,20-10-10
104,47,18,cotton,20-10-10
133,47,23,cotton,20-10-10
126,38,23,cotton,20-10-10
126,50,19,cotton,20-10-10
113,41,20,cotton,20-10-10
121,45,22,cotton,20-10-10
121,47,16,cotton,20-10-10
129,60,22,cotton,20-10-10
107,45,25,cotton,20-10-10
122,59,18,cotton,20-10-10
140,38,15,cotton,20-10-10
102,49,21,cotton,20-10-10
111,40,25,cotton,20-10-10
131,35,18,cotton,20-10-10
135,43,16,cotton,20-10-10
100,46,18,cotton,20-10-10
123,39,24,cotton,20-10-10
117,56,15,cotton,20-10-10
121,36,24,cotton,20-10-10
101,58,18,cotton,20-10-10
107,42,24,cotton,20-10-10
100,41,22,cotton,20-10-10
125,39,21,cotton,20-10-10
105,60,23,cotton,20-10-10
102,46,19,cotton,20-10-10
131,49,22,cotton,20-10-10
139,35,15,cotton,20-10-10
108,36,19,cotton,20-10-10
118,45,23,cotton,20-10-10
107,51,22,cotton,20-10-10
125,60,17,cotton,20-10-10
113,37,20,cotton,20-10-10
131,52,16,cotton,20-10-10
115,48,16,cotton,20-10-10
113,38,25,cotton,20-10-10
111,41,18,cotton,20-10-10
111,53,19,cotton,20-10-10
122,48,16,cotton,20-10-10
108,46,17,cotton,20-10-10
132,41,22,cotton,20-10-10
103,42,17,cotton,20-10-10
133,50,25,cotton,20-10-10
127,37,18,cotton,20-10-10
110,39,25,cotton,20-10-10
131,38,19,cotton,20-10-10
108,38,24,cotton,20-10-10
122,40,17,cotton,20-10-10
111,50,15,cotton,20-10-10
140,40,17,cotton,20-10-10
100,40,20,cotton,20-10-10
123,50,16,cotton,20-10-10
107,36,21,cotton,20-10-10
118,50,19,cotton,20-10-10
103,51,20,cotton,20-10-10
133,57,19,cotton,20-10-10
129,47,20,cotton,20-10-10
116,52,19,cotton,20-10-10
114,40,23,cotton,20-10-10
131,60,17,cotton,20-10-10
107,43,18,cotton,20-10-10
123,44,21,cotton,20-10-10
112,49,25,cotton,20-10-10
119,44,15,cotton,20-10-10
130,59,19,cotton,20-10-10
127,53,24,cotton,20-10-10
134,52,18,cotton,20-10-10
109,36,18,cotton,20-10-10
100,48,17,cotton,20-10-10
132,52,19,cotton,20-10-10
102,37,25,cotton,20-10-10
111,39,22,cotton,20-10-10
117,51,15,cotton,20-10-10
136,36,24,cotton,20-10-10
134,56,18,cotton,20-10-10
112,54,15,cotton,20-10-10
105,56,15,cotton,20-10-10
140,45,15,cotton,20-10-10
126,46,25,cotton,20-10-10
106,49,24,cotton,20-10-10
121,53,19,cotton,20-10-10
108,60,17,cotton,20-10-10
116,56,17,cotton,20-10-10
100,52,19,cotton,20-10-10
129,43,16,cotton,20-10-10
118,44,23,cotton,20-10-10
117,43,25,cotton,20-10-10
126,37,21,cotton,20-10-10
120,48,16,cotton,20-10-10
102,45,16,cotton,20-10-10
131,56,20,cotton,20-10-10
114,40,17,cotton,20-10-10
101,37,18,cotton,20-10-10
106,46,20,cotton,20-10-10
113,38,20,cotton,20-10-10
102,53,21,cotton,20-10-10
110,39,18,cotton,20-10-10
107,58,15,cotton,20-10-10
120,60,15,cotton,20-10-10
89,47,38,jute,40:20:20
60,37,39,jute,40:20:20
63,41,45,jute,40:20:20
86,40,39,jute,40:20:20
96,41,40,jute,40:20:20
100,35,36,jute,40:20:20
63,37,43,jute,40:20:20
70,43,40,jute,40:20:20
67,55,44,jute,40:20:20
74,40,40,jute,40:20:20
89,53,44,jute,40:20:20
74,46,45,jute,40:20:20
89,41,38,jute,40:20:20
60,55,40,jute,40:20:20
67,43,38,jute,40:20:20
70,38,35,jute,40:20:20
74,49,38,jute,40:20:20
90,40,39,jute,40:20:20
82,35,44,jute,40:20:20
73,45,37,jute,40:20:20
85,53,38,jute,40:20:20
81,56,36,jute,40:20:20
84,55,38,jute,40:20:20
80,45,42,jute,40:20:20
76,54,45,jute,40:20:20
76,56,39,jute,40:20:20
81,40,45,jute,40:20:20
76,44,45,jute,40:20:20
69,47,40,jute,40:20:20
82,40,45,jute,40:20:20
69,57,35,jute,40:20:20
81,36,38,jute,40:20:20
67,60,38,jute,40:20:20
72,51,40,jute,40:20:20
65,39,45,jute,40:20:20
78,50,43,jute,40:20:20
77,52,41,jute,40:20:20
89,52,42,jute,40:20:20
62,49,37,jute,40:20:20
90,48,45,jute,40:20:20
66,47,36,jute,40:20:20
80,52,39,jute,40:20:20
89,52,45,jute,40:20:20
77,51,44,jute,40:20:20
94,37,41,jute,40:20:20
75,41,35,jute,40:20:20
60,55,36,jute,40:20:20
62,56,35,jute,40:20:20
84,40,42,jute,40:20:20
100,56,40,jute,40:20:20
75,56,44,jute,40:20:20
78,46,42,jute,40:20:20
82,48,36,jute,40:20:20
100,58,41,jute,40:20:20
88,50,40,jute,40:20:20
67,41,40,jute,40:20:20
72,42,43,jute,40:20:20
89,40,43,jute,40:20:20
89,57,43,jute,40:20:20
61,41,44,jute,40:20:20
79,45,43,jute,40:20:20
84,40,43,jute,40:20:20
98,43,35,jute,40:20:20
75,36,44,jute,40:20:20
89,58,35,jute,40:20:20
91,41,37,jute,40:20:20
77,48,36,jute,40:20:20
66,58,35,jute,40:20:20
62,59,41,jute,40:20:20
82,35,35,jute,40:20:20
61,41,35,jute,40:20:20
99,57,38,jute,40:20:20
70,42,43,jute,40:20:20
90,59,35,jute,40:20:20
73,43,42,jute,40:20:20
67,46,44,jute,40:20:20
84,37,42,jute,40:20:20
72,41,36,jute,40:20:20
71,56,37,jute,40:20:20
64,53,38,jute,40:20:20
65,54,39,jute,40:20:20
60,58,37,jute,40:20:20
86,39,43,jute,40:20:20
90,50,44,jute,40:20:20
91,38,36,jute,40:20:20
87,48,38,jute,40:20:20
72,41,36,jute,40:20:20
71,54,35,jute,40:20:20
82,46,41,jute,40:20:20
71,52,43,jute,40:20:20
80,43,43,jute,40:20:20
77,55,43,jute,40:20:20
95,57,41,jute,40:20:20
63,47,35,jute,40:20:20
93,43,38,jute,40:20:20
87,44,43,jute,40:20:20
88,52,39,jute,40:20:20
90,39,37,jute,40:20:20
90,39,43,jute,40:20:20
84,38,43,jute,40:20:20
91,21,26,coffee,lime
107,21,26,coffee,lime
83,38,35,coffee,lime
108,24,31,coffee,lime
116,28,34,coffee,lime
116,23,25,coffee,lime
109,31,27,coffee,lime
89,25,34,coffee,lime
118,18,32,coffee,lime
111,32,34,coffee,lime
84,36,28,coffee,lime
85,33,25,coffee,lime
99,15,27,coffee,lime
81,30,31,coffee,lime
95,39,29,coffee,lime
81,34,30,coffee,lime
80,15,28,coffee,lime
104,20,26,coffee,lime
109,29,28,coffee,lime
100,32,26,coffee,lime
100,24,28,coffee,lime
83,21,28,coffee,lime
120,23,28,coffee,lime
104,26,30,coffee,lime
108,33,31,coffee,lime
91,25,26,coffee,lime
86,26,27,coffee,lime
98,18,27,coffee,lime
111,27,31,coffee,lime
84,39,35,coffee,lime
98,27,27,coffee,lime
118,21,34,coffee,lime
103,27,31,coffee,lime
82,24,33,coffee,lime
86,31,35,coffee,lime
88,35,35,coffee,lime
84,27,29,coffee,lime
120,40,33,coffee,lime
106,40,30,coffee,lime
113,21,33,coffee,lime
117,34,25,coffee,lime
80,30,25,coffee,lime
88,21,27,coffee,lime
113,33,34,coffee,lime
87,23,28,coffee,lime
113,15,29,coffee,lime
98,29,30,coffee,lime
97,29,27,coffee,lime
85,35,32,coffee,lime
82,29,35,coffee,lime
103,33,25,coffee,lime
112,17,28,coffee,lime
99,19,33,coffee,lime
120,20,34,coffee,lime
114,27,28,coffee,lime
100,40,35,coffee,lime
108,35,25,coffee,lime
115,31,30,coffee,lime
87,28,30,coffee,lime
82,24,26,coffee,lime
94,26,27,coffee,lime
87,28,35,coffee,lime
118,40,35,coffee,lime
87,38,29,coffee,lime
92,40,30,coffee,lime
97,22,26,coffee,lime
99,40,32,coffee,lime
89,28,33,coffee,lime
112,39,29,coffee,lime
111,28,26,coffee,lime
114,20,26,coffee,lime
117,26,30,coffee,lime
111,29,31,coffee,lime
119,30,28,coffee,lime
116,40,33,coffee,lime
95,37,35,coffee,lime
86,40,33,coffee,lime
117,37,32,coffee,lime
105,18,35,coffee,lime
109,23,25,coffee,lime
80,18,31,coffee,lime
101,31,26,coffee,lime
103,33,33,coffee,lime
93,26,27,coffee,lime
104,35,28,coffee,lime
116,36,25,coffee,lime
107,38,29,coffee,lime
101,33,33,coffee,lime
107,31,31,coffee,lime
99,16,30,coffee,lime
103,40,30,coffee,lime
118,31,34,coffee,lime
106,21,35,coffee,lime
116,38,34,coffee,lime
97,35,26,coffee,lime
107,34,32,coffee,lime
99,15,27,coffee,lime
118,33,30,coffee,lime
117,32,34,coffee,lime
104,18,30,coffee,lime
